timestamp,requests_per_minute,requests_per_second
2026-01-05T07:00:00.000Z,2180.4,36.34
2026-01-05T07:15:00.000Z,2640.9,44.02
2026-01-05T07:30:00.000Z,3210.7,53.51
2026-01-05T07:45:00.000Z,3988.2,66.47
2026-01-05T08:00:00.000Z,4725.1,78.75
2026-01-05T08:15:00.000Z,5602.8,93.38
2026-01-05T08:30:00.000Z,6430.5,107.18
2026-01-05T08:45:00.000Z,7188.3,119.81
2026-01-05T09:00:00.000Z,7960.6,132.68
2026-01-05T09:15:00.000Z,8470.2,141.17
2026-01-05T09:30:00.000Z,8817.4,146.96
2026-01-05T09:45:00.000Z,9015.1,150.25
2026-01-05T10:00:00.000Z,9102.7,151.71
2026-01-05T10:15:00.000Z,8994.3,149.91
2026-01-05T10:30:00.000Z,8740.8,145.68
2026-01-05T10:45:00.000Z,8321.5,138.69
2026-01-05T11:00:00.000Z,7905.2,131.75
2026-01-05T11:15:00.000Z,7488.9,124.82
2026-01-05T11:30:00.000Z,7102.4,118.37
2026-01-05T11:45:00.000Z,6845.0,114.08
2026-01-05T12:00:00.000Z,6690.3,111.51
2026-01-05T12:15:00.000Z,6702.8,111.71
2026-01-05T12:30:00.000Z,6901.5,115.03
2026-01-05T12:45:00.000Z,7240.7,120.68
2026-01-05T13:00:00.000Z,7688.1,128.14
2026-01-05T13:15:00.000Z,8102.6,135.04
2026-01-05T13:30:00.000Z,8455.9,140.93
2026-01-05T13:45:00.000Z,8710.2,145.17
2026-01-05T14:00:00.000Z,8902.4,148.37
2026-01-05T14:15:00.000Z,15840.7,264.01
2026-01-05T14:30:00.000Z,21305.2,355.09
2026-01-05T14:45:00.000Z,12970.8,216.18
2026-01-05T15:00:00.000Z,8988.5,149.81
2026-01-05T15:15:00.000Z,8801.3,146.69
2026-01-05T15:30:00.000Z,8502.9,141.72
2026-01-05T15:45:00.000Z,8004.6,133.41
2026-01-05T16:00:00.000Z,7312.8,121.88
2026-01-05T16:15:00.000Z,6508.4,108.47
2026-01-05T16:30:00.000Z,5690.1,94.84
2026-01-05T16:45:00.000Z,4885.7,81.43
2026-01-05T17:00:00.000Z,4120.3,68.67
2026-01-05T17:15:00.000Z,3502.9,58.38
2026-01-05T17:30:00.000Z,3011.6,50.19
2026-01-05T17:45:00.000Z,2640.2,44.00
2026-01-05T18:00:00.000Z,2388.5,39.81
